Participant_ID,Country,Discipline,Stage,MTLD,MLU,Cohesion_Score,SBERT_Similarity
P1,Iran,Sociology,Original,72.4,14.2,0.45,1.0
P1,Iran,Sociology,AI_Revised,58.1,21.5,0.78,0.82
P1,Iran,Sociology,Author_Refined,65.8,18.3,0.62,0.91
P2,India,Education,Original,68.9,15.1,0.41,1.0
P2,India,Education,AI_Revised,52.3,23.1,0.81,0.78
P2,India,Education,Author_Refined,61.2,19.8,0.68,0.88
P3,Brazil,Philosophy,Original,81.2,12.8,0.38,1.0
P3,Brazil,Philosophy,AI_Revised,60.5,20.4,0.75,0.75
P3,Brazil,Philosophy,Author_Refined,74.1,17.2,0.59,0.85
P4,Vietnam,Linguistics,Original,75.6,16.4,0.48,1.0
P4,Vietnam,Linguistics,AI_Revised,55.2,24.2,0.84,0.88
P4,Vietnam,Linguistics,Author_Refined,68.4,21.1,0.72,0.94
P5,Iran,Politics,Original,65.1,13.9,0.42,1.0
P5,Iran,Politics,AI_Revised,51.8,22.8,0.79,0.79
P5,Iran,Politics,Author_Refined,59.7,19.1,0.66,0.87
P6,India,History,Original,70.3,15.7,0.46,1.0
P6,India,History,AI_Revised,56.4,22.1,0.82,0.81
P6,India,History,Author_Refined,64.2,20.3,0.69,0.92
P7,Brazil,Sociology,Original,78.2,14.8,0.4,1.0
P7,Brazil,Sociology,AI_Revised,53.7,23.5,0.86,0.76
P7,Brazil,Sociology,Author_Refined,66.9,19.4,0.71,0.89
P8,Vietnam,Education,Original,62.4,13.2,0.35,1.0
P8,Vietnam,Education,AI_Revised,49.1,21.2,0.77,0.84
P8,Vietnam,Education,Author_Refined,57.3,17.8,0.61,0.9
P9,Iran,Philosophy,Original,85.1,17.1,0.51,1.0
P9,Iran,Philosophy,AI_Revised,62.4,25.1,0.88,0.8
P9,Iran,Philosophy,Author_Refined,76.8,22.3,0.78,0.93
P10,India,Linguistics,Original,71.8,15.3,0.43,1.0
P10,India,Linguistics,AI_Revised,54.8,23.8,0.83,0.85
P10,India,Linguistics,Author_Refined,63.1,20.9,0.7,0.91
P11,Brazil,Politics,Original,67.3,14.5,0.39,1.0
P11,Brazil,Politics,AI_Revised,50.2,22.4,0.8,0.77
P11,Brazil,Politics,Author_Refined,58.5,18.6,0.64,0.86
P12,Vietnam,History,Original,74.1,16.1,0.47,1.0
P12,Vietnam,History,AI_Revised,53.1,24.5,0.85,0.83
P12,Vietnam,History,Author_Refined,66.2,21.4,0.73,0.92
P13,Nigeria,Sociology,Original,69.5,14.0,0.41,1.0
P13,Nigeria,Sociology,AI_Revised,53.8,22.7,0.81,0.8
P13,Nigeria,Sociology,Author_Refined,64.1,18.9,0.67,0.9
P14,Malaysia,Education,Original,73.2,15.8,0.44,1.0
P14,Malaysia,Education,AI_Revised,56.1,23.6,0.83,0.86
P14,Malaysia,Education,Author_Refined,67.5,20.2,0.71,0.93
P15,Pakistan,Philosophy,Original,78.4,13.1,0.37,1.0
P15,Pakistan,Philosophy,AI_Revised,58.2,21.1,0.76,0.77
P15,Pakistan,Philosophy,Author_Refined,71.6,17.5,0.6,0.88
P16,Iran,Linguistics,Original,76.2,16.7,0.49,1.0
P16,Iran,Linguistics,AI_Revised,54.9,24.8,0.87,0.89
P16,Iran,Linguistics,Author_Refined,69.1,21.8,0.74,0.95
P17,India,Politics,Original,64.8,13.6,0.4,1.0
P17,India,Politics,AI_Revised,51.2,22.1,0.78,0.76
P17,India,Politics,Author_Refined,58.2,18.7,0.63,0.87
P18,Brazil,History,Original,71.1,15.4,0.43,1.0
P18,Brazil,History,AI_Revised,55.7,23.2,0.82,0.82
P18,Brazil,History,Author_Refined,63.8,20.1,0.68,0.91
P19,Vietnam,Sociology,Original,77.9,14.3,0.41,1.0
P19,Vietnam,Sociology,AI_Revised,53.2,23.8,0.87,0.74
P19,Vietnam,Sociology,Author_Refined,66.4,19.6,0.7,0.88
P20,Nigeria,Education,Original,61.5,13.5,0.36,1.0
P20,Nigeria,Education,AI_Revised,48.7,21.9,0.76,0.81
P20,Nigeria,Education,Author_Refined,56.8,17.1,0.58,0.89
P21,Malaysia,Philosophy,Original,84.2,16.8,0.52,1.0
P21,Malaysia,Philosophy,AI_Revised,63.1,25.4,0.89,0.79
P21,Malaysia,Philosophy,Author_Refined,75.3,21.9,0.76,0.92
P22,Pakistan,Linguistics,Original,70.1,15.5,0.42,1.0
P22,Pakistan,Linguistics,AI_Revised,53.9,24.1,0.84,0.86
P22,Pakistan,Linguistics,Author_Refined,62.4,20.7,0.69,0.91
P23,Iran,Politics,Original,66.7,14.1,0.39,1.0
P23,Iran,Politics,AI_Revised,50.8,22.5,0.79,0.75
P23,Iran,Politics,Author_Refined,57.9,18.2,0.65,0.85
P24,India,History,Original,72.8,15.9,0.47,1.0
P24,India,History,AI_Revised,55.4,22.8,0.81,0.83
P24,India,History,Author_Refined,65.1,20.5,0.68,0.93
P25,Brazil,Sociology,Original,79.1,14.6,0.41,1.0
P25,Brazil,Sociology,AI_Revised,54.1,23.7,0.87,0.77
P25,Brazil,Sociology,Author_Refined,67.2,19.8,0.72,0.89
P26,Vietnam,Education,Original,63.1,13.4,0.37,1.0
P26,Vietnam,Education,AI_Revised,49.8,21.5,0.78,0.82
P26,Vietnam,Education,Author_Refined,58.1,17.4,0.6,0.9
P27,Nigeria,Philosophy,Original,83.5,16.5,0.49,1.0
P27,Nigeria,Philosophy,AI_Revised,61.2,24.9,0.86,0.81
P27,Nigeria,Philosophy,Author_Refined,74.8,21.5,0.74,0.92
P28,Malaysia,Linguistics,Original,71.2,15.1,0.43,1.0
P28,Malaysia,Linguistics,AI_Revised,54.2,23.3,0.83,0.87
P28,Malaysia,Linguistics,Author_Refined,63.5,20.3,0.71,0.91
P29,Pakistan,Politics,Original,68.1,14.2,0.38,1.0
P29,Pakistan,Politics,AI_Revised,51.5,22.2,0.77,0.76
P29,Pakistan,Politics,Author_Refined,59.4,18.1,0.63,0.86
P30,Iran,History,Original,75.4,16.3,0.46,1.0
P30,Iran,History,AI_Revised,52.7,24.1,0.84,0.84
P30,Iran,History,Author_Refined,65.8,21.1,0.74,0.92
